maintenance_type,who_maintained,next_due_date,operation_id
Oil Change,Bailey Mclaughlin,2025-07-29,523
Engine Check,Mitchell Payne,2025-07-14,1157
Brake Replacement,Ronnie Allen,2025-08-29,547
Engine Check,Garrett Brooks,2025-08-22,770
Brake Replacement,Christopher Pacheco,2025-09-05,1182
Brake Replacement,Holly Walters,2025-06-15,1095
Brake Replacement,Brittney Thompson,2025-06-04,773
Engine Check,Daniel Herman,2025-08-25,371
Oil Change,Melissa Lewis,2025-10-10,39
Oil Change,David Cruz,2025-09-16,813
Engine Check,Lori Lester,2025-06-10,569
Oil Change,Allison Carlson,2025-08-23,774
Oil Change,Adam Robinson,2025-09-24,62
Brake Replacement,Shawn Lamb,2025-10-11,871
Oil Change,Mr. Ryan Green,2025-09-15,635
Engine Check,Corey Stewart,2025-07-16,869
Brake Replacement,Anthony Johnson,2025-10-09,383
Oil Change,Danielle Roy,2025-09-27,473
Engine Check,Mary Green,2025-09-28,254
Oil Change,Alan Berry,2025-06-01,1075
Engine Check,Brittany Johnson,2025-09-19,890
Oil Change,David Smith,2025-09-24,1086
Brake Replacement,Roberto Cooper,2025-09-26,225
Oil Change,Steven Robinson,2025-08-13,993
Engine Check,Eric Banks,2025-10-09,491
Oil Change,Dr. Janet Ortiz,2025-07-11,1142
Engine Check,Regina Hooper,2025-10-04,296
Brake Replacement,Andrew Dorsey,2025-08-08,493
Oil Change,Carolyn Mason,2025-09-18,545
Brake Replacement,Kayla Oconnor,2025-06-18,809
Engine Check,David Clayton,2025-06-24,176
Oil Change,Alex Drake,2025-06-22,843
Brake Replacement,Sara Hoffman,2025-10-07,399
Oil Change,Timothy Harper,2025-09-18,716
Engine Check,Michelle Mendez,2025-05-28,361
Brake Replacement,Robert Oconnor,2025-05-26,1012
Oil Change,Stacy Crawford,2025-07-29,736
Engine Check,Chris Young,2025-07-29,1092
Brake Replacement,Paul Morgan,2025-08-24,171
Brake Replacement,Alexis Moreno,2025-07-15,897
Engine Check,Vanessa Mejia,2025-09-08,610
Oil Change,Taylor Johnson,2025-08-05,565
Oil Change,Jennifer Crawford,2025-05-25,124
Brake Replacement,Zachary King,2025-09-30,585
Brake Replacement,Patty Roberts,2025-10-01,251
Engine Check,Pamela Black,2025-08-03,1079
Engine Check,Valerie Clark,2025-09-07,513
Oil Change,Dr. Terri Sanchez,2025-09-28,24
Engine Check,Melanie Gomez,2025-06-19,1178
Brake Replacement,Paul Smith,2025-05-30,1001
Brake Replacement,Tiffany Cox,2025-09-19,541
Brake Replacement,Johnny Powell,2025-08-12,414
Engine Check,Mrs. Brenda Williams,2025-06-14,745
Oil Change,Adam Griffith,2025-09-26,1052
Oil Change,Paula Burgess,2025-06-26,444
Brake Replacement,Timothy Ramirez,2025-06-23,572
Brake Replacement,Amy Fowler,2025-09-10,711
Engine Check,Jonathan Hogan,2025-09-15,116
Oil Change,Jeffrey Collins,2025-05-23,961
Engine Check,William Robbins,2025-07-10,33
Engine Check,Kristen Branch,2025-06-26,271
Brake Replacement,Jessica Thomas,2025-05-22,389
Engine Check,Brittney Guerrero,2025-09-07,858
Oil Change,John Johnson,2025-08-08,445
Engine Check,Rebecca Wolf,2025-05-24,1021
Oil Change,William Moore,2025-06-27,93
Engine Check,Lori Crawford,2025-10-09,685
Brake Replacement,Laura Allen,2025-06-25,1170
Brake Replacement,Tammy Miller,2025-08-16,58
Engine Check,Miguel Shields,2025-10-04,318
Engine Check,Cole Alexander,2025-06-02,1074
Brake Replacement,Madison Shepard,2025-07-09,1055
Brake Replacement,Peter Kelly,2025-07-23,416
Engine Check,Alvin Smith,2025-07-08,306
Oil Change,James Graham,2025-09-21,13
Brake Replacement,Jean Beard,2025-05-28,481
Brake Replacement,Heather Carroll,2025-09-07,1028
Oil Change,Erin Johnson,2025-08-20,604
Brake Replacement,Brandy Miller,2025-07-27,682
Brake Replacement,Benjamin Love,2025-09-28,1177
Oil Change,Amanda Hebert,2025-05-25,933
Oil Change,Taylor Joyce,2025-10-16,1004
Oil Change,Jennifer Thomas,2025-06-18,879
Engine Check,Eric Brown,2025-06-14,214
Engine Check,Susan Thornton,2025-10-07,419
Oil Change,Amber Colon,2025-05-29,600
Oil Change,Melissa Terry,2025-08-04,767
Engine Check,Haley Willis,2025-06-06,1059
Oil Change,Christopher Baker,2025-07-10,877
Engine Check,Michael Casey,2025-08-29,524
Brake Replacement,Yvette Moore,2025-08-16,20
Brake Replacement,Amanda Richards,2025-09-22,245
Brake Replacement,Stephanie Stewart,2025-06-03,1005
Brake Replacement,Richard Carr,2025-08-18,517
Brake Replacement,Michelle Durham,2025-06-16,408
Brake Replacement,Justin Stephens,2025-08-29,598
Brake Replacement,Robert Miller,2025-08-12,794
Oil Change,Laura Rogers,2025-08-02,684
Brake Replacement,Victoria Hensley,2025-06-13,820
Engine Check,Timothy White,2025-06-14,373
Brake Replacement,Stephen Lee,2025-08-09,485
Engine Check,Melissa Robles,2025-05-31,366
Brake Replacement,Rebecca Jackson,2025-06-05,315
Brake Replacement,Jeremiah Munoz,2025-09-18,233
Oil Change,Megan Hart,2025-08-17,1033
Oil Change,Andre Lang,2025-06-26,1082
Oil Change,Amy Davis,2025-05-26,528
Engine Check,Christopher Gilbert,2025-09-24,460
Engine Check,Erica Gibbs,2025-10-12,704
Brake Replacement,Kathleen Miller,2025-05-31,469
Oil Change,Jennifer Bowers,2025-07-10,82
Oil Change,Jose Copeland,2025-06-05,461
Oil Change,Tyler Ruiz,2025-05-27,29
Brake Replacement,Jose Ballard,2025-05-28,38
Brake Replacement,George Blackburn,2025-10-03,925
Brake Replacement,Christopher Mccall,2025-09-22,1175
Brake Replacement,Terri Villa,2025-07-23,742
Engine Check,Karen Barron,2025-09-29,215
Oil Change,Darrell Reid,2025-07-23,338
Engine Check,David Perez,2025-08-10,726
Brake Replacement,Shawn Taylor,2025-09-07,347
Engine Check,Carla Silva,2025-10-01,1038
Brake Replacement,Robert Cooke,2025-05-24,683
Engine Check,Frank Smith,2025-05-30,35
Oil Change,Ashley Carr,2025-06-19,105
Brake Replacement,Jamie Johnson,2025-08-13,223
Engine Check,Melissa Dawson,2025-06-16,291
Engine Check,Daniel Morales,2025-06-15,558
Engine Check,Matthew Church,2025-08-12,1115
Oil Change,Danielle James,2025-08-05,944
Engine Check,John Knapp,2025-06-03,299
Oil Change,Yolanda Dyer,2025-08-01,1007
Oil Change,Lindsey Chan,2025-07-06,409
Brake Replacement,Levi Dillon,2025-08-04,958
Brake Replacement,Ashley Rich,2025-05-30,1034
Oil Change,James Saunders,2025-10-09,340
Oil Change,Jenna Middleton,2025-10-06,1009
Brake Replacement,Joel Jackson,2025-08-21,768
Brake Replacement,Kevin Ferrell,2025-07-15,1081
Oil Change,Ashley Richardson,2025-06-17,439
Oil Change,Pamela Mccoy,2025-10-14,870
Oil Change,Shawn Scott,2025-10-08,393
Engine Check,Elizabeth Walters,2025-07-16,1176
Oil Change,Amanda Jenkins,2025-08-01,752
Brake Replacement,Hannah Anderson,2025-09-17,1096
Oil Change,Andre Ray,2025-08-19,1139
Oil Change,Michael Becker,2025-08-11,1010
Oil Change,Kristen Jackson,2025-06-30,1023
Brake Replacement,Allen Taylor,2025-08-24,488
Oil Change,Stephen Fitzgerald,2025-10-07,567
Oil Change,Melinda Lang,2025-08-08,659
Brake Replacement,Deborah Moore,2025-09-19,510
Brake Replacement,Evelyn Neal,2025-08-02,26
Engine Check,Dr. Elizabeth Gilmore,2025-08-02,579
Oil Change,Travis Hunt,2025-08-08,1155
Brake Replacement,Robin Vega MD,2025-05-21,47
Brake Replacement,Madison Pollard,2025-08-29,898
Brake Replacement,Richard Wolfe,2025-09-13,87
Engine Check,Vicki Rodriguez,2025-10-01,7
Oil Change,Caroline Miller,2025-05-27,1108
Oil Change,Steven Roth,2025-08-22,622
Brake Replacement,Michael Wood,2025-10-03,459
Brake Replacement,John Rowe,2025-06-20,1113
Oil Change,Samantha Miller,2025-08-27,258
Brake Replacement,Carol Carey,2025-06-22,80
Engine Check,Kelly Franklin,2025-06-30,546
Engine Check,Michael Baker,2025-09-12,1102
Oil Change,James Mcclure,2025-09-07,1016
Brake Replacement,James Lang,2025-09-23,406
Engine Check,Felicia Hunter,2025-08-17,679
Oil Change,Manuel Adams,2025-08-27,987
Brake Replacement,Matthew Kennedy Jr.,2025-09-03,943
Engine Check,Eric Lynch,2025-06-17,599
Engine Check,Victor Mendoza,2025-09-07,500
Oil Change,Kristi Baker,2025-07-04,374
Brake Replacement,Elizabeth Ward,2025-06-08,427
Oil Change,Sean Morrow,2025-06-16,796
Brake Replacement,Christina Johnson,2025-08-07,121
Oil Change,Nicole Henry,2025-10-02,594
Brake Replacement,John Reed,2025-07-26,1127
Oil Change,Melissa Allen,2025-08-25,151
Brake Replacement,Emily Walker,2025-08-25,431
Oil Change,Troy House,2025-06-07,1172
Brake Replacement,Kenneth Perez,2025-07-31,188
Brake Replacement,Shannon Thomas,2025-07-15,656
Brake Replacement,Natalie Castillo,2025-07-29,694
Brake Replacement,Logan Guerra,2025-06-13,629
Oil Change,Jonathan Ruiz,2025-09-25,351
Brake Replacement,Lynn Howard,2025-07-13,355
Engine Check,James Miranda,2025-07-14,800
Brake Replacement,Karen Carter,2025-08-15,112
Engine Check,Timothy Paul,2025-07-25,802
Brake Replacement,Mr. James Price MD,2025-09-07,1171
Oil Change,Connie Ross,2025-07-20,403
Engine Check,Mr. Michael Davis,2025-07-21,561
Oil Change,Travis Hoover,2025-08-12,358
Oil Change,Ms. Amanda Davis,2025-06-28,222
Engine Check,Cassandra White,2025-10-03,60
Engine Check,David Williams,2025-08-03,220
Engine Check,Beverly Underwood,2025-09-15,501
Engine Check,Christina Figueroa,2025-06-28,195
Brake Replacement,Kelly Howell,2025-08-09,860
Oil Change,Christopher Young,2025-08-09,275
Brake Replacement,Robert Graham,2025-08-03,201
Engine Check,Amanda Blevins,2025-05-26,208
Oil Change,Michele Wilcox,2025-09-29,1088
Oil Change,Chad Holmes,2025-07-08,978
Oil Change,Michelle Nelson,2025-10-02,601
Brake Replacement,Raymond Taylor,2025-06-30,457
Engine Check,Mary Harris,2025-08-27,1018
Oil Change,Kristin Steele,2025-08-21,10
Oil Change,Steven Harrison,2025-08-17,260
Oil Change,Betty Scott,2025-06-05,73
Oil Change,Gabriela Short,2025-07-05,719
Brake Replacement,Gregory Rowe,2025-08-08,587
Brake Replacement,Nathaniel Smith,2025-08-07,181
Brake Replacement,Patricia Walker,2025-07-06,1014
Engine Check,John Perez,2025-07-15,108
Engine Check,John Frederick,2025-06-18,645
Oil Change,Kelly Miller,2025-07-18,934
Brake Replacement,Lynn Martinez,2025-06-01,302
Oil Change,Andrew Berg,2025-06-21,758
Oil Change,Julie Byrd,2025-08-08,76
Brake Replacement,Christopher Williams DVM,2025-10-17,839
Brake Replacement,Stacy Fleming,2025-08-30,253
Brake Replacement,Garrett Stone,2025-09-03,1020
Engine Check,Linda Hamilton,2025-09-21,190
Oil Change,Katherine Alvarado,2025-07-01,689
Engine Check,Amanda Freeman,2025-09-15,847
Brake Replacement,Kristi Gonzalez,2025-05-29,586
Engine Check,David Sawyer,2025-09-16,123
Engine Check,Michael Atkins,2025-10-15,342
Engine Check,Tammy Walters,2025-07-15,1003
Oil Change,Gina Jennings,2025-06-21,503
Engine Check,Ryan Robbins,2025-08-04,1107
Engine Check,Matthew Singleton,2025-08-19,54
Engine Check,Daniel Wilson,2025-06-20,660
Oil Change,Jennifer Marshall,2025-09-02,1026
Oil Change,Jacob Williams,2025-08-07,557
Engine Check,Scott Richards,2025-08-08,712
Brake Replacement,Madeline Yu,2025-09-27,1053
Brake Replacement,Marvin Burns,2025-08-02,669
Engine Check,Andrea Jacobs,2025-10-09,581
Engine Check,Adrian Barnes DDS,2025-07-20,314
Brake Replacement,Alexander Stokes,2025-09-17,1006
Oil Change,Alyssa Boyer,2025-08-28,515
Brake Replacement,John Rodriguez,2025-08-15,334
Engine Check,Ryan Robinson,2025-08-03,715
Brake Replacement,Tammy Perez,2025-09-12,321
Oil Change,Brandon Moore,2025-09-19,778
Engine Check,Karina Moses,2025-08-31,1037
Oil Change,Francisco Daniel,2025-05-25,309
Oil Change,Lawrence Walls,2025-06-15,1190
Engine Check,Stacey Wilson,2025-08-12,1051
Oil Change,Mark Baker,2025-06-12,95
Oil Change,James Pratt,2025-06-26,1184
Engine Check,Kimberly Brown,2025-08-29,895
Oil Change,Candice Simpson,2025-05-25,212
Engine Check,Deanna Taylor,2025-06-09,735
Engine Check,Jennifer Gibbs,2025-06-03,1126
Brake Replacement,Brian Jones,2025-09-11,69
Brake Replacement,Andrew Pittman,2025-07-03,407
Engine Check,Justin Zimmerman,2025-06-24,1062
Oil Change,Tonya Ross,2025-09-16,349
Brake Replacement,Jessica Moore,2025-10-07,621
Oil Change,Hannah Cooke,2025-06-28,1022
Brake Replacement,Ronald Terrell,2025-07-13,1105
Oil Change,Paula Smith,2025-09-26,906
Engine Check,Elizabeth Mccarthy,2025-07-22,11
Engine Check,Logan Carter,2025-06-12,506
Brake Replacement,Donald Harris,2025-09-05,456
Oil Change,Jerry Perry,2025-09-01,1123
Oil Change,Barbara Watkins,2025-08-18,191
Oil Change,Carrie Allen MD,2025-10-03,12
Brake Replacement,Alexander Smith,2025-07-12,638
Engine Check,William Edwards,2025-09-04,344
Engine Check,Donna Logan,2025-07-08,114
Oil Change,Melissa Taylor,2025-09-13,807
Oil Change,James Campbell,2025-07-03,769
Oil Change,Erik Stokes,2025-08-24,608
Oil Change,Michelle Henderson,2025-06-22,1072
Brake Replacement,Crystal Morton,2025-08-03,772
Oil Change,Brad Garcia,2025-06-25,451
Oil Change,Toni Smith,2025-10-14,624
Engine Check,Jason Rose,2025-08-26,161
Oil Change,Jared Ruiz,2025-06-01,910
Engine Check,Stephen Warren,2025-06-29,908
Oil Change,Daniel Turner,2025-06-18,146
Brake Replacement,William Stephens,2025-06-25,570
Engine Check,Robert Butler,2025-10-04,372
Oil Change,Dana Castro,2025-09-10,771
Engine Check,Natasha Warren,2025-07-18,691
Engine Check,Savannah Fletcher,2025-05-25,96
Oil Change,Rachel Boone,2025-06-02,922
Oil Change,James Hughes,2025-08-03,543
Oil Change,Katherine Martinez,2025-06-06,1141
Oil Change,Stephanie English,2025-05-23,1044
Oil Change,Victoria Reese,2025-08-16,1134
Oil Change,Victoria Dudley,2025-09-26,1025
Engine Check,Nicholas Stafford,2025-06-20,436
Engine Check,Natalie Hodge,2025-10-15,990
Oil Change,Kayla Jones,2025-08-15,196
Engine Check,Michael Prince,2025-09-26,699
Brake Replacement,Mark Hicks,2025-05-23,674
Oil Change,Heather Howard,2025-07-17,52
Engine Check,Melissa Anderson,2025-08-22,63
Oil Change,Taylor Foley,2025-09-16,9
Engine Check,John Alexander,2025-08-21,733
Engine Check,Teresa Haynes,2025-07-24,1116
Brake Replacement,Mark James,2025-09-10,464
Brake Replacement,Steven Evans,2025-10-15,1097
Brake Replacement,Cynthia Reynolds,2025-07-11,746
Oil Change,Katrina Morton,2025-08-29,86
Brake Replacement,Kim Pruitt,2025-09-23,133
Oil Change,Glenn Hamilton,2025-08-17,666
Engine Check,Kelsey Clarke,2025-06-27,842
Engine Check,Judy Jones,2025-06-29,410
Brake Replacement,Savannah Werner,2025-05-21,479
Oil Change,Claire Huang,2025-09-18,85
Engine Check,Vincent Ward,2025-07-11,1109
Oil Change,William Smith,2025-09-15,1162
Oil Change,Carol Berg,2025-07-05,32
Brake Replacement,Jonathan Cox,2025-07-28,536
Brake Replacement,Jeffrey Wilson,2025-05-25,316
Engine Check,Alexis Schmidt,2025-07-28,331
Engine Check,Sheila Cruz,2025-07-21,415
Oil Change,Christopher Barrett,2025-09-16,697
Oil Change,Jennifer Burton,2025-07-04,490
Oil Change,Amy Merritt,2025-05-27,866
Oil Change,Mariah Taylor,2025-06-06,59
Oil Change,Gary Hendricks,2025-09-18,1130
Engine Check,Antonio Mata,2025-07-21,575
Engine Check,Mary Hill,2025-08-22,422
Brake Replacement,Erin Huang,2025-06-05,969
Brake Replacement,Paul Villanueva,2025-08-28,387
Oil Change,Miguel Franklin,2025-08-10,3
Brake Replacement,Lisa Barnes,2025-06-14,698
Engine Check,Robin Schroeder,2025-06-11,505
Engine Check,Ashley Lopez,2025-08-22,1135
Brake Replacement,Nicholas Cohen,2025-08-11,623
Engine Check,Richard Reid,2025-08-27,365
Oil Change,Rebecca Smith,2025-09-16,1192
Engine Check,Reginald Taylor,2025-06-13,607
Engine Check,Richard Olson,2025-05-26,739
Brake Replacement,Robert Miller,2025-08-05,1185
Brake Replacement,Nicole Perez,2025-06-30,379
Oil Change,Thomas Johnson,2025-09-14,192
Brake Replacement,Brandi Simon,2025-07-17,980
Engine Check,Steven Sosa,2025-09-04,588
Engine Check,Russell Johns,2025-06-18,838
Oil Change,Stephanie Newman,2025-09-12,357
Brake Replacement,Sandra Ray,2025-07-15,421
Engine Check,Daniel Cohen,2025-09-21,48
Oil Change,Kelly Osborne,2025-05-22,424
Oil Change,Brittany Thomas,2025-10-15,556
Oil Change,Teresa Wilson,2025-07-24,1
Brake Replacement,Robert Monroe,2025-07-24,1064
Engine Check,Amy Watson,2025-07-09,348
Brake Replacement,Michael Ruiz,2025-08-31,850
Engine Check,Ethan Reyes,2025-08-07,718
Engine Check,Kristen Stone,2025-07-02,617
Engine Check,James Baxter,2025-07-20,270
Engine Check,Benjamin Moore,2025-08-03,568
Brake Replacement,Audrey Jones,2025-07-11,155
Engine Check,Heather Wade,2025-10-09,560
Oil Change,Kevin Flores,2025-09-28,308
Brake Replacement,Julie Reed,2025-08-26,1056
Engine Check,James Rowland,2025-07-26,919
Oil Change,Adriana Andrews,2025-08-21,643
Engine Check,Jeffrey Montgomery,2025-09-03,1002
Brake Replacement,Jordan Villegas,2025-09-08,382
Brake Replacement,Tommy White,2025-07-12,902
Engine Check,Dr. Stephen Barnes,2025-09-23,747
Engine Check,Martha Woods,2025-10-08,874
Brake Replacement,Melinda Boone,2025-10-08,475
Oil Change,Andrew Rodgers,2025-08-31,606
Oil Change,Tanya Whitaker,2025-10-03,486
Engine Check,Shawn Webb,2025-05-26,438
Brake Replacement,Yvonne Greene,2025-09-28,576
Oil Change,Jeremy Lane,2025-08-12,1147
Brake Replacement,Sharon Fuller,2025-08-28,423
Oil Change,David James,2025-07-06,50
Oil Change,Victor Herrera,2025-08-01,443
Brake Replacement,Cynthia Morgan,2025-09-20,577
Engine Check,David Anthony,2025-07-09,1071
Brake Replacement,Kimberly Page,2025-06-12,876
Oil Change,Jillian Harris,2025-06-25,844
Oil Change,Lisa Mckinney,2025-06-07,300
Engine Check,Summer Carter,2025-07-13,781
Engine Check,Heather Russell,2025-10-09,1060
Brake Replacement,Corey Gonzalez,2025-06-21,413
Engine Check,Judy King,2025-07-15,960
Engine Check,Jennifer Edwards,2025-09-28,589
Brake Replacement,Melissa Terry,2025-05-31,352
Brake Replacement,Ashley Brown,2025-06-21,840
Oil Change,Lisa Hansen,2025-07-19,1131
Brake Replacement,Jennifer Hendricks,2025-08-01,1061
Brake Replacement,Michael Barber,2025-09-19,792
Oil Change,William Bond,2025-09-11,390
Brake Replacement,Tina Velasquez,2025-06-08,646
